﻿<?xml version="1.0" encoding="utf-8"?>
<resources>
  <index root="\" startIndexAt="bld\x86\Debug\layout.resfiles">
    <default>
      <qualifier name="language" value="en" />
    </default>
    <indexer-config type="RESFILES" qualifierDelimiter="." />
  </index>
  <index root="\" startIndexAt="bld\x86\Debug\resources.resfiles">
    <default>
      <qualifier name="language" value="en" />
    </default>
    <indexer-config type="RESW" convertDotsToSlashes="true" />
    <indexer-config type="RESJSON" />
    <indexer-config type="RESFILES" qualifierDelimiter="." />
  </index>
  <index root="\" startIndexAt="bld\x86\Debug\pri.resfiles">
    <default>
      <qualifier name="language" value="en" />
    </default>
    <indexer-config type="PRI" />
    <indexer-config type="RESFILES" qualifierDelimiter="." />
  </index>
</resources>